{
  "count": 17,
  "mean": 58853.72352941176,
  "median": 31.7,
  "std_dev": 242527.58672357132,
  "min": 16.4,
  "max": 999999.0
}